CE15B001,BT2012,PH2170,BT2010,BT2030,,,,,,,,,
CE15B002,BT2012,BT2010,PH2170,BT2030,,,,,,,,,
CE15B003,PH2170,BT2012,,,,,,,,,,,
CE15B004,PH2170,,,,,,,,,,,,
CE15B005,PH2170,BT2012,,,,,,,,,,,
CE15B006,BT2010,PH2170,BT2012,,,,,,,,,,
CE15B007,EE2025,PH2170,BT2012,,,,,,,,,,
CE15B008,PH2170,BT2012,BT2010,BT2030,,,,,,,,,
CE15B009,EE2025,,,,,,,,,,,,
CE15B010,BT2012,,,,,,,,,,,,
CE15B011,PH2170,BT2012,EE2025,BT2010,,,,,,,,,
CE15B012,BT2012,BT2010,BT2030,PH2170,,,,,,,,,
CE15B013,PH2170,BT2012,,,,,,,,,,,
CE15B015,BT2012,PH2170,EE2025,,,,,,,,,,
CE15B017,PH2170,BT2012,,,,,,,,,,,
CE15B018,PH2170,BT2012,BT2010,PH3500,,,,,,,,,
CE15B019,BT2012,BT2010,PH2170,BT2030,,,,,,,,,
CE15B021,PH2170,,,,,,,,,,,,
CE15B022,PH2170,EE2025,,,,,,,,,,,
CE15B023,BT2012,BT2030,BT2010,PH2170,EE2025,,,,,,,,
CE15B024,BT2012,PH2170,EE2025,,,,,,,,,,
CE15B026,PH2170,EE2025,BT2012,,,,,,,,,,
CE15B027,PH2170,BT2012,,,,,,,,,,,
CE15B028,PH2170,BT2012,BT2010,,,,,,,,,,
CE15B029,PH2170,BT2012,BT2010,PH3500,,,,,,,,,
CE15B030,EE2025,PH2170,BT2012,BT2010,EP3200,BT2030,,,,,,,
CE15B031,PH2170,BT2012,EE2025,BT2010,,,,,,,,,
CE15B032,EE2025,BT2012,PH2170,,,,,,,,,,
CE15B033,PH2170,EE2025,BT2012,BT2010,,,,,,,,,
CE15B034,BT2012,BT2010,PH2170,,,,,,,,,,
CE15B035,PH2170,EE2025,BT2012,,,,,,,,,,
CE15B036,BT2012,BT2030,BT2010,,,,,,,,,,
CE15B037,PH2170,BT2012,BT2010,,,,,,,,,,
CE15B038,BT2012,BT2010,PH2170,,,,,,,,,,
CE15B039,PH2170,BT2012,BT2010,,,,,,,,,,
CE15B040,BT2012,BT2010,PH2170,,,,,,,,,,
CE15B041,PH2170,BT2012,EE2025,,,,,,,,,,
CE15B042,PH2170,BT2012,BT2010,,,,,,,,,,
CE15B043,BT2012,BT2010,PH2170,,,,,,,,,,
CE15B044,BT2012,PH2170,EE2025,BT2030,,,,,,,,,
CE15B045,OE4340,PH2170,BT2010,,,,,,,,,,
CE15B046,BT2012,BT2010,PH2170,,,,,,,,,,
CE15B047,BT2012,PH2170,BT2030,BT2010,,,,,,,,,
CE15B048,BT2012,PH2170,PH3500,,,,,,,,,,
CE15B049,PH2170,BT2012,,,,,,,,,,,
CE15B050,BT2012,BT2010,PH2170,,,,,,,,,,
CE15B051,PH2170,EE2025,,,,,,,,,,,
CE15B052,BT2012,BT2030,PH2170,BT2010,,,,,,,,,
CE15B053,PH2170,EE2025,,,,,,,,,,,
CE15B054,PH2170,BT2012,BT2010,,,,,,,,,,
CE15B055,PH2170,EE2025,,,,,,,,,,,
CE15B056,BT2012,CE3242,EE2025,EE2015,BT1000,,,,,,,,
CE15B057,BT2012,BT2030,PH2170,,,,,,,,,,
CE15B058,BT2012,BT2010,BT2030,,,,,,,,,,
CE15B059,BT2012,BT2010,PH2170,BT2030,,,,,,,,,
CE15B060,PH2170,BT2012,BT2010,BT2030,,,,,,,,,
CE15B062,PH2170,EE2025,BT2012,BT2010,,,,,,,,,
CE15B063,BT2012,PH2170,BT2010,EE2025,BT2030,,,,,,,,
CE15B064,EE4371,EE2025,BT2012,,,,,,,,,,
CE15B065,BT2012,PH2170,EE2025,,,,,,,,,,
CE15B066,BT2012,EE2025,PH2170,BT2010,,,,,,,,,
CE15B067,PH2170,,,,,,,,,,,,
CE15B068,BT2012,BT2010,PH2170,,,,,,,,,,
CE15B069,PH2170,BT2012,EE2025,,,,,,,,,,
CE15B070,PH2170,EE2025,BT2012,PH3500,BT2030,BT2010,,,,,,,
CE15B071,BT2012,BT2010,PH2170,,,,,,,,,,
CE15B072,PH2170,EE2025,BT2030,BT2010,BT2012,,,,,,,,
CE15B073,BT2012,PH2170,BT2010,BT2030,,,,,,,,,
CE15B074,PH2170,EE2025,BT2012,BT2010,,,,,,,,,
CE15B075,PH2170,,,,,,,,,,,,
CE15B076,BT2012,BT2010,PH2170,,,,,,,,,,
CE15B077,BT2012,PH2170,BT2030,BT2010,,,,,,,,,
CE15B078,PH2170,BT2012,EE2025,BT2030,BT2010,,,,,,,,
CE15B079,PH2170,BT2012,BT2010,,,,,,,,,,
CE15B082,PH2170,BT2012,,,,,,,,,,,
CE15B084,PH2170,EE2025,BT2012,BT2010,,,,,,,,,
CE15B085,PH2170,,,,,,,,,,,,
CE15B086,BT2012,,,,,,,,,,,,
CE15B087,PH2170,EE2025,BT2012,BT2030,BT2010,,,,,,,,
CE15B088,PH2170,EE2025,,,,,,,,,,,
CE15B089,PH2170,CE3242,BT2012,PH3500,,,,,,,,,
CE15B091,PH2170,,,,,,,,,,,,
CE15B092,PH2170,BT2012,,,,,,,,,,,
CE15B093,PH2170,,,,,,,,,,,,
CE15B094,PH2170,,,,,,,,,,,,
CE15B095,PH2170,,,,,,,,,,,,
CE15B096,PH2170,,,,,,,,,,,,
CE15B099,EE1100,,,,,,,,,,,,
CE15B100,PH2170,EE2025,,,,,,,,,,,
CE15B101,PH2170,EE2025,BT2030,,,,,,,,,,
CE15B102,BT2012,PH3500,BT2010,,,,,,,,,,
CE15B103,EE1100,EE2015,CE3242,CH2061,PH2170,EP3200,OE3010,OE4340,CH2012,PH3500,EP2110,BT2012,BT2010
CE15B104,EE1100,EE2015,EP2110,EP3200,PH3500,OE3010,CH2012,CH2061,BT2012,BT2030,BT2010,BT1022,EE2025
CE15B105,EE2015,,,,,,,,,,,,
CS15B001,PH3500,BT1022,BT2030,EE2025,EE2016,BT2012,BT1000,,,,,,
CS15B002,BT2012,CH2061,,,,,,,,,,,
CS15B003,BT2012,CH2061,,,,,,,,,,,
CS15B004,BT2012,,,,,,,,,,,,
CS15B005,BT2010,BT2012,CH2061,,,,,,,,,,
CS15B006,PH3500,CH2061,BT2012,,,,,,,,,,
CS15B007,BT2012,CH2061,,,,,,,,,,,
CS15B008,BT2012,BT2010,CH2061,BT1022,EP3200,PH3500,OE4340,,,,,,
CS15B009,CH2061,BT2012,BT2010,EP3200,BT1022,,,,,,,,
CS15B010,BT2012,CH2061,BT2010,PH3500,BT1022,OE4340,,,,,,,
CS15B011,BT2012,BT2010,CH2061,BT1022,PH3500,,,,,,,,
CS15B012,CH2061,BT2012,PH3500,BT1022,BT2010,,,,,,,,
CS15B013,CH2061,BT2012,PH3500,OE4340,BT1022,BT2010,,,,,,,
CS15B015,BT1022,PH3500,CH2061,BT2010,BT2012,OE4340,,,,,,,
CS15B016,PH3500,BT1022,BT2012,BT2010,CH2061,,,,,,,,
CS15B017,CH2061,BT2012,BT2010,BT1022,PH3500,OE4340,,,,,,,
CS15B018,BT2012,CH2061,BT2010,BT1022,,,,,,,,,
CS15B019,BT2012,OE4340,BT2010,BT1022,CH2061,,,,,,,,
CS15B020,BT2012,CH2061,PH3500,BT1022,BT2010,,,,,,,,
CS15B021,PH3500,BT1022,,,,,,,,,,,
CS15B022,BT2012,CH2061,OE4340,,,,,,,,,,
CS15B023,BT2012,PH3500,EE2015,,,,,,,,,,
CS15B024,CH2061,BT2012,BT2010,EP3200,BT2030,PH3500,,,,,,,
CS15B025,BT2012,BT2010,BT1022,CH2061,PH3500,,,,,,,,
CS15B026,OE4340,PH3500,BT1022,BT2012,,,,,,,,,
CS15B027,BT1022,CH2061,BT2012,BT2010,PH3500,,,,,,,,
CS15B028,PH3500,BT2012,,,,,,,,,,,
CS15B029,BT1022,BT2012,BT2010,CH2061,OE4340,PH3500,,,,,,,
CS15B030,CH2061,BT2012,BT1022,BT2010,PH3500,OE4340,,,,,,,
CS15B031,PH3500,CH2061,BT1022,BT2012,BT2010,OE4340,BT1000,,,,,,
CS15B032,EE2015,OE3010,OE4340,CE2080,BT2012,,,,,,,,
CS15B034,PH3500,BT2012,CH2061,BT2010,BT1022,OE4340,,,,,,,
CS15B035,BT1022,BT2012,BT2010,CH2061,OE4340,PH3500,,,,,,,
CS15B036,BT2012,BT2010,BT1022,OE4340,CH2061,PH3500,,,,,,,
CS15B037,BT2012,BT2010,CH2061,,,,,,,,,,
CS15B038,BT2012,CH2061,,,,,,,,,,,
CS15B039,PH3500,,,,,,,,,,,,
CS15B040,BT1022,BT2012,BT2010,CH2061,OE4340,PH3500,,,,,,,
CS15B041,BT2012,BT2010,PH3500,EP3200,,,,,,,,,
CS15B042,BT2012,CH2061,BT1022,BT2010,,,,,,,,,
CS15B043,CH2061,OE4340,PH3500,BT2012,BT2010,BT1022,,,,,,,
CS15B044,CH2061,CE3242,EP3200,PH3500,BT2012,,,,,,,,
CS15B045,CH2061,EP3200,BT2012,OE4340,PH3500,,,,,,,,
CS15B046,PH3500,CH2061,BT2012,BT1022,BT2010,OE4340,,,,,,,
CS15B047,CH2061,EP3200,BT2012,PH3500,OE4340,,,,,,,,
CS15B048,PH3500,BT2012,,,,,,,,,,,
CS15B049,BT2012,BT2010,BT1000,BT1022,CH2061,,,,,,,,
CS15B050,CH2061,BT1000,BT2012,BT1022,,,,,,,,,
CS15B051,BT2012,CH2061,BT2010,BT2030,EP3200,,,,,,,,
CS15B052,CH2061,EP3200,BT2012,PH3500,OE4340,,,,,,,,
CS15B053,PH3500,EP3200,CH2061,EE2015,EE2025,BT2012,,,,,,,
CS15B054,CH2061,BT2012,PH3500,OE4340,BT2010,,,,,,,,
CS15B056,CH2061,EP3200,BT2012,PH3500,OE4340,,,,,,,,
CS15B057,CH2061,EE2015,EE2025,CH2012,,,,,,,,,
CS15B058,EP3200,CH2061,PH3500,,,,,,,,,,
CS15B059,CH2061,PH3500,EP3200,,,,,,,,,,
CS15B061,PH3500,BT2012,,,,,,,,,,,
EE15B011,PH3500,EP3200,EE4371,BT2012,BT2010,,,,,,,,
EE15B012,EP3200,,,,,,,,,,,,
EE15B014,EP3200,,,,,,,,,,,,
EE15B015,EP3200,,,,,,,,,,,,
EE15B016,EP3200,,,,,,,,,,,,
EE15B020,EP3200,BT2012,,,,,,,,,,,
EE15B021,EP3200,,,,,,,,,,,,
EE15B022,EP3200,,,,,,,,,,,,
EE15B024,PH3500,BT2010,EP3200,,,,,,,,,,
EE15B025,EE4371,,,,,,,,,,,,
EE15B026,EP3200,,,,,,,,,,,,
EE15B027,BT2012,,,,,,,,,,,,
EE15B028,EP3200,,,,,,,,,,,,
EE15B029,EP3200,,,,,,,,,,,,
EE15B031,EP3200,,,,,,,,,,,,
EE15B033,EP3200,PH3500,,,,,,,,,,,
EE15B036,EP3200,,,,,,,,,,,,
EE15B037,EP3200,,,,,,,,,,,,
EE15B038,PH3500,,,,,,,,,,,,
EE15B042,EP3200,PH3500,OE4340,BT2010,,,,,,,,,
EE15B043,EP3200,PH3500,,,,,,,,,,,
EE15B045,BT2012,EP3200,,,,,,,,,,,
EE15B048,EP3200,,,,,,,,,,,,
EE15B049,EP3200,PH3500,BT2010,,,,,,,,,,
EE15B050,EP3200,PH3500,BT2010,,,,,,,,,,
EE15B051,BT2012,EP3200,,,,,,,,,,,
EE15B052,EE4371,,,,,,,,,,,,
EE15B060,PH3500,BT2010,,,,,,,,,,,
EE15B062,EP3200,PH3500,,,,,,,,,,,
EE15B064,EP3200,CH2061,PH3500,,,,,,,,,,
EE15B065,PH3500,,,,,,,,,,,,
EE15B069,EE4371,,,,,,,,,,,,
EE15B073,EP3200,,,,,,,,,,,,
EE15B074,EE4371,,,,,,,,,,,,
EE15B079,EP3200,,,,,,,,,,,,
EE15B080,PH3500,BT2010,EP3200,,,,,,,,,,
EE15B081,BT2012,PH3500,EP3200,BT2010,,,,,,,,,
EE15B082,EP3200,PH3500,,,,,,,,,,,
EE15B083,EP3200,PH3500,,,,,,,,,,,
EE15B084,BT2010,BT2012,BT1022,EP3200,PH3500,OE4340,,,,,,,
EE15B085,EE4371,,,,,,,,,,,,
EE15B086,BT2012,EP3200,,,,,,,,,,,
EE15B087,BT2012,EP3200,,,,,,,,,,,
EE15B088,EP3200,BT2012,PH3500,,,,,,,,,,
EE15B089,BT2012,PH3500,EP3200,BT2010,,,,,,,,,
EE15B090,BT2012,EP3200,BT2010,PH3500,,,,,,,,,
EE15B091,EE4371,,,,,,,,,,,,
EE15B092,EE5110,EP3200,EE4371,EE3301,BT2012,,,,,,,,
EE15B093,EP3200,PH3500,OE4340,BT2012,CE2080,CE2040,OE3010,CE3242,BT1022,CH2012,CH2061,BT1000,BT2010
EE15B094,EE4371,,,,,,,,,,,,
EE15B096,EE4371,BT2012,,,,,,,,,,,
EE15B098,BT2012,PH3500,EP3200,BT2010,,,,,,,,,
EE15B099,BT2012,BT1022,,,,,,,,,,,
EE15B100,BT2012,EP3200,PH3500,,,,,,,,,,
EE15B101,EP3200,,,,,,,,,,,,
EE15B102,BT2012,PH3500,EP3200,BT2010,,,,,,,,,
EE15B103,BT2012,EP3200,PH3500,,,,,,,,,,
EE15B104,BT2012,BT2010,,,,,,,,,,,
EE15B105,EE4371,,,,,,,,,,,,
EE15B106,PH3500,,,,,,,,,,,,
EE15B108,BT2012,,,,,,,,,,,,
EE15B110,EP3200,,,,,,,,,,,,
EE15B112,EP3200,,,,,,,,,,,,
EE15B113,EE4371,,,,,,,,,,,,
EE15B114,BT2012,,,,,,,,,,,,
EE15B115,BT2012,EP3200,PH3500,,,,,,,,,,
EE15B116,EP3200,BT2012,,,,,,,,,,,
EE15B117,BT2012,,,,,,,,,,,,
EE15B119,BT2010,PH3500,EP3200,,,,,,,,,,
EE15B120,EP3200,EE5110,EE3301,BT2012,PH3500,,,,,,,,
EE15B121,EP3200,,,,,,,,,,,,
EE15B122,EP3200,,,,,,,,,,,,
EE15B123,EE4371,,,,,,,,,,,,
EE15B124,EE4371,,,,,,,,,,,,
EE15B125,EE4371,,,,,,,,,,,,
EE15B127,EE4371,,,,,,,,,,,,
EE15B128,BT2012,,,,,,,,,,,,
EE15B129,EE4371,,,,,,,,,,,,
EE15B130,EE4371,EP3200,,,,,,,,,,,
EE15B132,EP3200,BT2010,BT2012,,,,,,,,,,
EE15B133,EP3200,,,,,,,,,,,,
EE15B134,EE4371,,,,,,,,,,,,
